{"cameraMode":{"drawMode":0,"name":"Shaded","section":"Shading Mode"},"sceneLighting":true,"audioPlay":false,"sceneViewState":{"m_AlwaysRefresh":false,"showFog":true,"showSkybox":true,"showFlares":true,"showImageEffects":true,"showParticleSystems":true,"showVisualEffectGraphs":true,"m_FxEnabled":true},"in2DMode":false,"pivot":{"x":495.89715576171877,"y":197.94187927246095,"z":3.15631103515625},"rotation":{"x":0.15682107210159303,"y":0.0186627097427845,"z":-0.0029628388583660127,"w":0.9874424934387207},"size":610.5015258789063,"orthographic":false}